{"text": " \u0647\u0630\u0627 \u0645\u0642\u0637\u0639 \u0641\u064a\u062f\u064a\u0648 \u064a\u0648\u0636\u062d \u0643\u064a\u0641\u064a\u0629 \u0646\u0633\u062e \u0627\u0644\u0643\u0644\u0627\u0645 \u0644\u0644\u0639\u062f\u064a\u062f \u0645\u0646 \u0627\u0644\u0644\u063a\u0627\u062a", "segments": [{"id": 0, "seek": 0, "start": 0.0, "end": 9.0, "text": " \u0647\u0630\u0627 \u0645\u0642\u0637\u0639 \u0641\u064a\u062f\u064a\u0648 \u064a\u0648\u0636\u062d \u0643\u064a\u0641\u064a\u0629 \u0646\u0633\u062e \u0627\u0644\u0643\u0644\u0627\u0645 \u0644\u0644\u0639\u062f\u064a\u062f \u0645\u0646 \u0627\u0644\u0644\u063a\u0627\u062a", "tokens": [50364, 23758, 3714, 47432, 3615, 8978, 16254, 2407, 7251, 2407, 11242, 5016, 9122, 33911, 10632, 8717, 3794, 9778, 2423, 28820, 10943, 24976, 3615, 16254, 3215, 9154, 13672, 17082, 9307, 50814], "temperature": 0.0, "avg_logprob": -0.16788845677529612, "compression_ratio": 1.1975308641975309, "no_speech_prob": 0.02140268310904503}], "language": "Arabic"}